"STATISTIC","Statistic","TLIST(A1)","Year","C03113V03763","Test Centre","UNIT","VALUE"
"ROA09","Waiting at Driver Testing Centres","2003","2003","01","Dundalk","Weeks","48"
"ROA09","Waiting at Driver Testing Centres","2003","2003","02","Finglas","Weeks","43"
"ROA09","Waiting at Driver Testing Centres","2003","2003","03","Mullingar","Weeks","45"
"ROA09","Waiting at Driver Testing Centres","2003","2003","05","Navan","Weeks","52"
"ROA09","Waiting at Driver Testing Centres","2003","2003","06","Raheny","Weeks","53"
"ROA09","Waiting at Driver Testing Centres","2003","2003","07","Gorey","Weeks","51"
"ROA09","Waiting at Driver Testing Centres","2003","2003","08","Naas","Weeks","56"
"ROA09","Waiting at Driver Testing Centres","2003","2003","09","Rathgar","Weeks","52"
"ROA09","Waiting at Driver Testing Centres","2003","2003","10","Tallaght","Weeks","54"
"ROA09","Waiting at Driver Testing Centres","2003","2003","11","Tullamore","Weeks","42"
"ROA09","Waiting at Driver Testing Centres","2003","2003","12","Wicklow","Weeks","53"
"ROA09","Waiting at Driver Testing Centres","2003","2003","13","Athlone","Weeks","17"
"ROA09","Waiting at Driver Testing Centres","2003","2003","14","Birr","Weeks","32"
"ROA09","Waiting at Driver Testing Centres","2003","2003","15","Castlebar","Weeks","48"
"ROA09","Waiting at Driver Testing Centres","2003","2003","16","Clifden","Weeks","15"
"ROA09","Waiting at Driver Testing Centres","2003","2003","17","Ennis","Weeks","17"
"ROA09","Waiting at Driver Testing Centres","2003","2003","18","Galway","Weeks","36"
"ROA09","Waiting at Driver Testing Centres","2003","2003","19","Loughrea","Weeks","18"
"ROA09","Waiting at Driver Testing Centres","2003","2003","20","Roscommon","Weeks","28"
"ROA09","Waiting at Driver Testing Centres","2003","2003","21","Tuam","Weeks","33"
"ROA09","Waiting at Driver Testing Centres","2003","2003","22","Ballina","Weeks","45"
"ROA09","Waiting at Driver Testing Centres","2003","2003","23","Buncrana","Weeks","21"
"ROA09","Waiting at Driver Testing Centres","2003","2003","24","Carrick-on-Shannon","Weeks","43"
"ROA09","Waiting at Driver Testing Centres","2003","2003","25","Cavan","Weeks","52"
"ROA09","Waiting at Driver Testing Centres","2003","2003","26","Donegal","Weeks","34"
"ROA09","Waiting at Driver Testing Centres","2003","2003","27","Letterkenny","Weeks","43"
"ROA09","Waiting at Driver Testing Centres","2003","2003","28","Longford","Weeks","45"
"ROA09","Waiting at Driver Testing Centres","2003","2003","29","Monaghan","Weeks","45"
"ROA09","Waiting at Driver Testing Centres","2003","2003","30","Sligo","Weeks","37"
"ROA09","Waiting at Driver Testing Centres","2003","2003","31","Carlow","Weeks","53"
"ROA09","Waiting at Driver Testing Centres","2003","2003","32","Clonmel","Weeks","48"
"ROA09","Waiting at Driver Testing Centres","2003","2003","33","Dungarvan","Weeks","54"
"ROA09","Waiting at Driver Testing Centres","2003","2003","34","Kilkenny","Weeks","53"
"ROA09","Waiting at Driver Testing Centres","2003","2003","35","Nenagh","Weeks","52"
"ROA09","Waiting at Driver Testing Centres","2003","2003","36","Portlaoise","Weeks","52"
"ROA09","Waiting at Driver Testing Centres","2003","2003","37","Thurles","Weeks","54"
"ROA09","Waiting at Driver Testing Centres","2003","2003","38","Tipperary","Weeks","53"
"ROA09","Waiting at Driver Testing Centres","2003","2003","39","Waterford","Weeks","54"
"ROA09","Waiting at Driver Testing Centres","2003","2003","40","Wexford","Weeks","47"
"ROA09","Waiting at Driver Testing Centres","2003","2003","41","Cork","Weeks","41"
"ROA09","Waiting at Driver Testing Centres","2003","2003","42","Killarney","Weeks","46"
"ROA09","Waiting at Driver Testing Centres","2003","2003","43","Kilrush","Weeks","38"
"ROA09","Waiting at Driver Testing Centres","2003","2003","44","Limerick","Weeks","47"
"ROA09","Waiting at Driver Testing Centres","2003","2003","45","Mallow","Weeks","43"
"ROA09","Waiting at Driver Testing Centres","2003","2003","46","Newcastlewest","Weeks","41"
"ROA09","Waiting at Driver Testing Centres","2003","2003","47","Shannon","Weeks","52"
"ROA09","Waiting at Driver Testing Centres","2003","2003","48","Skibbereen","Weeks","45"
"ROA09","Waiting at Driver Testing Centres","2003","2003","49","Tralee","Weeks","51"
"ROA09","Waiting at Driver Testing Centres","2003","2003","50","Churchtown","Weeks",""
"ROA09","Waiting at Driver Testing Centres","2004","2004","01","Dundalk","Weeks","41"
"ROA09","Waiting at Driver Testing Centres","2004","2004","02","Finglas","Weeks","36"
"ROA09","Waiting at Driver Testing Centres","2004","2004","03","Mullingar","Weeks","37"
"ROA09","Waiting at Driver Testing Centres","2004","2004","05","Navan","Weeks","50"
"ROA09","Waiting at Driver Testing Centres","2004","2004","06","Raheny","Weeks","55"
"ROA09","Waiting at Driver Testing Centres","2004","2004","07","Gorey","Weeks","44"
"ROA09","Waiting at Driver Testing Centres","2004","2004","08","Naas","Weeks","51"
"ROA09","Waiting at Driver Testing Centres","2004","2004","09","Rathgar","Weeks","49"
"ROA09","Waiting at Driver Testing Centres","2004","2004","10","Tallaght","Weeks","48"
"ROA09","Waiting at Driver Testing Centres","2004","2004","11","Tullamore","Weeks","42"
"ROA09","Waiting at Driver Testing Centres","2004","2004","12","Wicklow","Weeks","45"
"ROA09","Waiting at Driver Testing Centres","2004","2004","13","Athlone","Weeks","31"
"ROA09","Waiting at Driver Testing Centres","2004","2004","14","Birr","Weeks","35"
"ROA09","Waiting at Driver Testing Centres","2004","2004","15","Castlebar","Weeks","40"
"ROA09","Waiting at Driver Testing Centres","2004","2004","16","Clifden","Weeks","20"
"ROA09","Waiting at Driver Testing Centres","2004","2004","17","Ennis","Weeks","20"
"ROA09","Waiting at Driver Testing Centres","2004","2004","18","Galway","Weeks","35"
"ROA09","Waiting at Driver Testing Centres","2004","2004","19","Loughrea","Weeks","25"
"ROA09","Waiting at Driver Testing Centres","2004","2004","20","Roscommon","Weeks","26"
"ROA09","Waiting at Driver Testing Centres","2004","2004","21","Tuam","Weeks","26"
"ROA09","Waiting at Driver Testing Centres","2004","2004","22","Ballina","Weeks","32"
"ROA09","Waiting at Driver Testing Centres","2004","2004","23","Buncrana","Weeks","36"
"ROA09","Waiting at Driver Testing Centres","2004","2004","24","Carrick-on-Shannon","Weeks","33"
"ROA09","Waiting at Driver Testing Centres","2004","2004","25","Cavan","Weeks","41"
"ROA09","Waiting at Driver Testing Centres","2004","2004","26","Donegal","Weeks","35"
"ROA09","Waiting at Driver Testing Centres","2004","2004","27","Letterkenny","Weeks","45"
"ROA09","Waiting at Driver Testing Centres","2004","2004","28","Longford","Weeks","37"
"ROA09","Waiting at Driver Testing Centres","2004","2004","29","Monaghan","Weeks","40"
"ROA09","Waiting at Driver Testing Centres","2004","2004","30","Sligo","Weeks","31"
"ROA09","Waiting at Driver Testing Centres","2004","2004","31","Carlow","Weeks","52"
"ROA09","Waiting at Driver Testing Centres","2004","2004","32","Clonmel","Weeks","50"
"ROA09","Waiting at Driver Testing Centres","2004","2004","33","Dungarvan","Weeks","52"
"ROA09","Waiting at Driver Testing Centres","2004","2004","34","Kilkenny","Weeks","44"
"ROA09","Waiting at Driver Testing Centres","2004","2004","35","Nenagh","Weeks","49"
"ROA09","Waiting at Driver Testing Centres","2004","2004","36","Portlaoise","Weeks","47"
"ROA09","Waiting at Driver Testing Centres","2004","2004","37","Thurles","Weeks","52"
"ROA09","Waiting at Driver Testing Centres","2004","2004","38","Tipperary","Weeks","51"
"ROA09","Waiting at Driver Testing Centres","2004","2004","39","Waterford","Weeks","41"
"ROA09","Waiting at Driver Testing Centres","2004","2004","40","Wexford","Weeks","40"
"ROA09","Waiting at Driver Testing Centres","2004","2004","41","Cork","Weeks","31"
"ROA09","Waiting at Driver Testing Centres","2004","2004","42","Killarney","Weeks","47"
"ROA09","Waiting at Driver Testing Centres","2004","2004","43","Kilrush","Weeks","27"
"ROA09","Waiting at Driver Testing Centres","2004","2004","44","Limerick","Weeks","44"
"ROA09","Waiting at Driver Testing Centres","2004","2004","45","Mallow","Weeks","35"
"ROA09","Waiting at Driver Testing Centres","2004","2004","46","Newcastlewest","Weeks","37"
"ROA09","Waiting at Driver Testing Centres","2004","2004","47","Shannon","Weeks","41"
"ROA09","Waiting at Driver Testing Centres","2004","2004","48","Skibbereen","Weeks","43"
"ROA09","Waiting at Driver Testing Centres","2004","2004","49","Tralee","Weeks","31"
"ROA09","Waiting at Driver Testing Centres","2004","2004","50","Churchtown","Weeks",""
"ROA09","Waiting at Driver Testing Centres","2005","2005","01","Dundalk","Weeks","46"
"ROA09","Waiting at Driver Testing Centres","2005","2005","02","Finglas","Weeks","49"
"ROA09","Waiting at Driver Testing Centres","2005","2005","03","Mullingar","Weeks","48"
"ROA09","Waiting at Driver Testing Centres","2005","2005","05","Navan","Weeks","56"
"ROA09","Waiting at Driver Testing Centres","2005","2005","06","Raheny","Weeks","60"
"ROA09","Waiting at Driver Testing Centres","2005","2005","07","Gorey","Weeks","56"
"ROA09","Waiting at Driver Testing Centres","2005","2005","08","Naas","Weeks","51"
"ROA09","Waiting at Driver Testing Centres","2005","2005","09","Rathgar","Weeks","53"
"ROA09","Waiting at Driver Testing Centres","2005","2005","10","Tallaght","Weeks","59"
"ROA09","Waiting at Driver Testing Centres","2005","2005","11","Tullamore","Weeks","54"
"ROA09","Waiting at Driver Testing Centres","2005","2005","12","Wicklow","Weeks","61"
"ROA09","Waiting at Driver Testing Centres","2005","2005","13","Athlone","Weeks","26"
"ROA09","Waiting at Driver Testing Centres","2005","2005","14","Birr","Weeks","41"
"ROA09","Waiting at Driver Testing Centres","2005","2005","15","Castlebar","Weeks","37"
"ROA09","Waiting at Driver Testing Centres","2005","2005","16","Clifden","Weeks","26"
"ROA09","Waiting at Driver Testing Centres","2005","2005","17","Ennis","Weeks","36"
"ROA09","Waiting at Driver Testing Centres","2005","2005","18","Galway","Weeks","50"
"ROA09","Waiting at Driver Testing Centres","2005","2005","19","Loughrea","Weeks","31"
"ROA09","Waiting at Driver Testing Centres","2005","2005","20","Roscommon","Weeks","34"
"ROA09","Waiting at Driver Testing Centres","2005","2005","21","Tuam","Weeks","38"
"ROA09","Waiting at Driver Testing Centres","2005","2005","22","Ballina","Weeks","39"
"ROA09","Waiting at Driver Testing Centres","2005","2005","23","Buncrana","Weeks","34"
"ROA09","Waiting at Driver Testing Centres","2005","2005","24","Carrick-on-Shannon","Weeks","30"
"ROA09","Waiting at Driver Testing Centres","2005","2005","25","Cavan","Weeks","39"
"ROA09","Waiting at Driver Testing Centres","2005","2005","26","Donegal","Weeks","42"
"ROA09","Waiting at Driver Testing Centres","2005","2005","27","Letterkenny","Weeks","51"
"ROA09","Waiting at Driver Testing Centres","2005","2005","28","Longford","Weeks","33"
"ROA09","Waiting at Driver Testing Centres","2005","2005","29","Monaghan","Weeks","33"
"ROA09","Waiting at Driver Testing Centres","2005","2005","30","Sligo","Weeks","43"
"ROA09","Waiting at Driver Testing Centres","2005","2005","31","Carlow","Weeks","48"
"ROA09","Waiting at Driver Testing Centres","2005","2005","32","Clonmel","Weeks","51"
"ROA09","Waiting at Driver Testing Centres","2005","2005","33","Dungarvan","Weeks","55"
"ROA09","Waiting at Driver Testing Centres","2005","2005","34","Kilkenny","Weeks","34"
"ROA09","Waiting at Driver Testing Centres","2005","2005","35","Nenagh","Weeks","43"
"ROA09","Waiting at Driver Testing Centres","2005","2005","36","Portlaoise","Weeks","64"
"ROA09","Waiting at Driver Testing Centres","2005","2005","37","Thurles","Weeks","48"
"ROA09","Waiting at Driver Testing Centres","2005","2005","38","Tipperary","Weeks","56"
"ROA09","Waiting at Driver Testing Centres","2005","2005","39","Waterford","Weeks","39"
"ROA09","Waiting at Driver Testing Centres","2005","2005","40","Wexford","Weeks","38"
"ROA09","Waiting at Driver Testing Centres","2005","2005","41","Cork","Weeks","37"
"ROA09","Waiting at Driver Testing Centres","2005","2005","42","Killarney","Weeks","44"
"ROA09","Waiting at Driver Testing Centres","2005","2005","43","Kilrush","Weeks","37"
"ROA09","Waiting at Driver Testing Centres","2005","2005","44","Limerick","Weeks","52"
"ROA09","Waiting at Driver Testing Centres","2005","2005","45","Mallow","Weeks","44"
"ROA09","Waiting at Driver Testing Centres","2005","2005","46","Newcastlewest","Weeks","39"
"ROA09","Waiting at Driver Testing Centres","2005","2005","47","Shannon","Weeks","51"
"ROA09","Waiting at Driver Testing Centres","2005","2005","48","Skibbereen","Weeks","44"
"ROA09","Waiting at Driver Testing Centres","2005","2005","49","Tralee","Weeks","32"
"ROA09","Waiting at Driver Testing Centres","2005","2005","50","Churchtown","Weeks",""
"ROA09","Waiting at Driver Testing Centres","2006","2006","01","Dundalk","Weeks","49"
"ROA09","Waiting at Driver Testing Centres","2006","2006","02","Finglas","Weeks","52"
"ROA09","Waiting at Driver Testing Centres","2006","2006","03","Mullingar","Weeks","39"
"ROA09","Waiting at Driver Testing Centres","2006","2006","05","Navan","Weeks","48"
"ROA09","Waiting at Driver Testing Centres","2006","2006","06","Raheny","Weeks","42"
"ROA09","Waiting at Driver Testing Centres","2006","2006","07","Gorey","Weeks","38"
"ROA09","Waiting at Driver Testing Centres","2006","2006","08","Naas","Weeks","38"
"ROA09","Waiting at Driver Testing Centres","2006","2006","09","Rathgar","Weeks","34"
"ROA09","Waiting at Driver Testing Centres","2006","2006","10","Tallaght","Weeks","39"
"ROA09","Waiting at Driver Testing Centres","2006","2006","11","Tullamore","Weeks","34"
"ROA09","Waiting at Driver Testing Centres","2006","2006","12","Wicklow","Weeks","45"
"ROA09","Waiting at Driver Testing Centres","2006","2006","13","Athlone","Weeks","34"
"ROA09","Waiting at Driver Testing Centres","2006","2006","14","Birr","Weeks","39"
"ROA09","Waiting at Driver Testing Centres","2006","2006","15","Castlebar","Weeks","34"
"ROA09","Waiting at Driver Testing Centres","2006","2006","16","Clifden","Weeks","33"
"ROA09","Waiting at Driver Testing Centres","2006","2006","17","Ennis","Weeks","42"
"ROA09","Waiting at Driver Testing Centres","2006","2006","18","Galway","Weeks","44"
"ROA09","Waiting at Driver Testing Centres","2006","2006","19","Loughrea","Weeks","36"
"ROA09","Waiting at Driver Testing Centres","2006","2006","20","Roscommon","Weeks","16"
"ROA09","Waiting at Driver Testing Centres","2006","2006","21","Tuam","Weeks","18"
"ROA09","Waiting at Driver Testing Centres","2006","2006","22","Ballina","Weeks","32"
"ROA09","Waiting at Driver Testing Centres","2006","2006","23","Buncrana","Weeks","36"
"ROA09","Waiting at Driver Testing Centres","2006","2006","24","Carrick-on-Shannon","Weeks","25"
"ROA09","Waiting at Driver Testing Centres","2006","2006","25","Cavan","Weeks","13"
"ROA09","Waiting at Driver Testing Centres","2006","2006","26","Donegal","Weeks","32"
"ROA09","Waiting at Driver Testing Centres","2006","2006","27","Letterkenny","Weeks","37"
"ROA09","Waiting at Driver Testing Centres","2006","2006","28","Longford","Weeks","32"
"ROA09","Waiting at Driver Testing Centres","2006","2006","29","Monaghan","Weeks","18"
"ROA09","Waiting at Driver Testing Centres","2006","2006","30","Sligo","Weeks","34"
"ROA09","Waiting at Driver Testing Centres","2006","2006","31","Carlow","Weeks","49"
"ROA09","Waiting at Driver Testing Centres","2006","2006","32","Clonmel","Weeks","55"
"ROA09","Waiting at Driver Testing Centres","2006","2006","33","Dungarvan","Weeks","45"
"ROA09","Waiting at Driver Testing Centres","2006","2006","34","Kilkenny","Weeks","37"
"ROA09","Waiting at Driver Testing Centres","2006","2006","35","Nenagh","Weeks","51"
"ROA09","Waiting at Driver Testing Centres","2006","2006","36","Portlaoise","Weeks","35"
"ROA09","Waiting at Driver Testing Centres","2006","2006","37","Thurles","Weeks","36"
"ROA09","Waiting at Driver Testing Centres","2006","2006","38","Tipperary","Weeks","35"
"ROA09","Waiting at Driver Testing Centres","2006","2006","39","Waterford","Weeks","38"
"ROA09","Waiting at Driver Testing Centres","2006","2006","40","Wexford","Weeks","33"
"ROA09","Waiting at Driver Testing Centres","2006","2006","41","Cork","Weeks","38"
"ROA09","Waiting at Driver Testing Centres","2006","2006","42","Killarney","Weeks","28"
"ROA09","Waiting at Driver Testing Centres","2006","2006","43","Kilrush","Weeks","31"
"ROA09","Waiting at Driver Testing Centres","2006","2006","44","Limerick","Weeks","43"
"ROA09","Waiting at Driver Testing Centres","2006","2006","45","Mallow","Weeks","32"
"ROA09","Waiting at Driver Testing Centres","2006","2006","46","Newcastlewest","Weeks","36"
"ROA09","Waiting at Driver Testing Centres","2006","2006","47","Shannon","Weeks","41"
"ROA09","Waiting at Driver Testing Centres","2006","2006","48","Skibbereen","Weeks","22"
"ROA09","Waiting at Driver Testing Centres","2006","2006","49","Tralee","Weeks","29"
"ROA09","Waiting at Driver Testing Centres","2006","2006","50","Churchtown","Weeks",""
"ROA09","Waiting at Driver Testing Centres","2007","2007","01","Dundalk","Weeks","14"
"ROA09","Waiting at Driver Testing Centres","2007","2007","02","Finglas","Weeks","16"
"ROA09","Waiting at Driver Testing Centres","2007","2007","03","Mullingar","Weeks","9"
"ROA09","Waiting at Driver Testing Centres","2007","2007","05","Navan","Weeks","13"
"ROA09","Waiting at Driver Testing Centres","2007","2007","06","Raheny","Weeks","35"
"ROA09","Waiting at Driver Testing Centres","2007","2007","07","Gorey","Weeks","21"
"ROA09","Waiting at Driver Testing Centres","2007","2007","08","Naas","Weeks","19"
"ROA09","Waiting at Driver Testing Centres","2007","2007","09","Rathgar","Weeks","17"
"ROA09","Waiting at Driver Testing Centres","2007","2007","10","Tallaght","Weeks","20"
"ROA09","Waiting at Driver Testing Centres","2007","2007","11","Tullamore","Weeks","16"
"ROA09","Waiting at Driver Testing Centres","2007","2007","12","Wicklow","Weeks","31"
"ROA09","Waiting at Driver Testing Centres","2007","2007","13","Athlone","Weeks","11"
"ROA09","Waiting at Driver Testing Centres","2007","2007","14","Birr","Weeks","36"
"ROA09","Waiting at Driver Testing Centres","2007","2007","15","Castlebar","Weeks","21"
"ROA09","Waiting at Driver Testing Centres","2007","2007","16","Clifden","Weeks","40"
"ROA09","Waiting at Driver Testing Centres","2007","2007","17","Ennis","Weeks","30"
"ROA09","Waiting at Driver Testing Centres","2007","2007","18","Galway","Weeks","14"
"ROA09","Waiting at Driver Testing Centres","2007","2007","19","Loughrea","Weeks","29"
"ROA09","Waiting at Driver Testing Centres","2007","2007","20","Roscommon","Weeks","31"
"ROA09","Waiting at Driver Testing Centres","2007","2007","21","Tuam","Weeks","27"
"ROA09","Waiting at Driver Testing Centres","2007","2007","22","Ballina","Weeks","13"
"ROA09","Waiting at Driver Testing Centres","2007","2007","23","Buncrana","Weeks","13"
"ROA09","Waiting at Driver Testing Centres","2007","2007","24","Carrick-on-Shannon","Weeks","11"
"ROA09","Waiting at Driver Testing Centres","2007","2007","25","Cavan","Weeks","10"
"ROA09","Waiting at Driver Testing Centres","2007","2007","26","Donegal","Weeks","9"
"ROA09","Waiting at Driver Testing Centres","2007","2007","27","Letterkenny","Weeks","10"
"ROA09","Waiting at Driver Testing Centres","2007","2007","28","Longford","Weeks","11"
"ROA09","Waiting at Driver Testing Centres","2007","2007","29","Monaghan","Weeks","9"
"ROA09","Waiting at Driver Testing Centres","2007","2007","30","Sligo","Weeks","10"
"ROA09","Waiting at Driver Testing Centres","2007","2007","31","Carlow","Weeks","15"
"ROA09","Waiting at Driver Testing Centres","2007","2007","32","Clonmel","Weeks","15"
"ROA09","Waiting at Driver Testing Centres","2007","2007","33","Dungarvan","Weeks","14"
"ROA09","Waiting at Driver Testing Centres","2007","2007","34","Kilkenny","Weeks","16"
"ROA09","Waiting at Driver Testing Centres","2007","2007","35","Nenagh","Weeks","11"
"ROA09","Waiting at Driver Testing Centres","2007","2007","36","Portlaoise","Weeks","15"
"ROA09","Waiting at Driver Testing Centres","2007","2007","37","Thurles","Weeks","26"
"ROA09","Waiting at Driver Testing Centres","2007","2007","38","Tipperary","Weeks","19"
"ROA09","Waiting at Driver Testing Centres","2007","2007","39","Waterford","Weeks","14"
"ROA09","Waiting at Driver Testing Centres","2007","2007","40","Wexford","Weeks","27"
"ROA09","Waiting at Driver Testing Centres","2007","2007","41","Cork","Weeks","18"
"ROA09","Waiting at Driver Testing Centres","2007","2007","42","Killarney","Weeks","21"
"ROA09","Waiting at Driver Testing Centres","2007","2007","43","Kilrush","Weeks","21"
"ROA09","Waiting at Driver Testing Centres","2007","2007","44","Limerick","Weeks","11"
"ROA09","Waiting at Driver Testing Centres","2007","2007","45","Mallow","Weeks","23"
"ROA09","Waiting at Driver Testing Centres","2007","2007","46","Newcastlewest","Weeks","26"
"ROA09","Waiting at Driver Testing Centres","2007","2007","47","Shannon","Weeks","22"
"ROA09","Waiting at Driver Testing Centres","2007","2007","48","Skibbereen","Weeks","29"
"ROA09","Waiting at Driver Testing Centres","2007","2007","49","Tralee","Weeks","20"
"ROA09","Waiting at Driver Testing Centres","2007","2007","50","Churchtown","Weeks",""
"ROA09","Waiting at Driver Testing Centres","2008","2008","01","Dundalk","Weeks","10"
"ROA09","Waiting at Driver Testing Centres","2008","2008","02","Finglas","Weeks","10"
"ROA09","Waiting at Driver Testing Centres","2008","2008","03","Mullingar","Weeks","10"
"ROA09","Waiting at Driver Testing Centres","2008","2008","05","Navan","Weeks","10"
"ROA09","Waiting at Driver Testing Centres","2008","2008","06","Raheny","Weeks","8"
"ROA09","Waiting at Driver Testing Centres","2008","2008","07","Gorey","Weeks","12"
"ROA09","Waiting at Driver Testing Centres","2008","2008","08","Naas","Weeks","10"
"ROA09","Waiting at Driver Testing Centres","2008","2008","09","Rathgar","Weeks","11"
"ROA09","Waiting at Driver Testing Centres","2008","2008","10","Tallaght","Weeks","13"
"ROA09","Waiting at Driver Testing Centres","2008","2008","11","Tullamore","Weeks","11"
"ROA09","Waiting at Driver Testing Centres","2008","2008","12","Wicklow","Weeks","13"
"ROA09","Waiting at Driver Testing Centres","2008","2008","13","Athlone","Weeks","8"
"ROA09","Waiting at Driver Testing Centres","2008","2008","14","Birr","Weeks","10"
"ROA09","Waiting at Driver Testing Centres","2008","2008","15","Castlebar","Weeks","9"
"ROA09","Waiting at Driver Testing Centres","2008","2008","16","Clifden","Weeks","10"
"ROA09","Waiting at Driver Testing Centres","2008","2008","17","Ennis","Weeks","10"
"ROA09","Waiting at Driver Testing Centres","2008","2008","18","Galway","Weeks","10"
"ROA09","Waiting at Driver Testing Centres","2008","2008","19","Loughrea","Weeks","9"
"ROA09","Waiting at Driver Testing Centres","2008","2008","20","Roscommon","Weeks","7"
"ROA09","Waiting at Driver Testing Centres","2008","2008","21","Tuam","Weeks","7"
"ROA09","Waiting at Driver Testing Centres","2008","2008","22","Ballina","Weeks","6"
"ROA09","Waiting at Driver Testing Centres","2008","2008","23","Buncrana","Weeks","8"
"ROA09","Waiting at Driver Testing Centres","2008","2008","24","Carrick-on-Shannon","Weeks","8"
"ROA09","Waiting at Driver Testing Centres","2008","2008","25","Cavan","Weeks","7"
"ROA09","Waiting at Driver Testing Centres","2008","2008","26","Donegal","Weeks","7"
"ROA09","Waiting at Driver Testing Centres","2008","2008","27","Letterkenny","Weeks","9"
"ROA09","Waiting at Driver Testing Centres","2008","2008","28","Longford","Weeks","8"
"ROA09","Waiting at Driver Testing Centres","2008","2008","29","Monaghan","Weeks","7"
"ROA09","Waiting at Driver Testing Centres","2008","2008","30","Sligo","Weeks","6"
"ROA09","Waiting at Driver Testing Centres","2008","2008","31","Carlow","Weeks","12"
"ROA09","Waiting at Driver Testing Centres","2008","2008","32","Clonmel","Weeks","10"
"ROA09","Waiting at Driver Testing Centres","2008","2008","33","Dungarvan","Weeks","7"
"ROA09","Waiting at Driver Testing Centres","2008","2008","34","Kilkenny","Weeks","12"
"ROA09","Waiting at Driver Testing Centres","2008","2008","35","Nenagh","Weeks","10"
"ROA09","Waiting at Driver Testing Centres","2008","2008","36","Portlaoise","Weeks","12"
"ROA09","Waiting at Driver Testing Centres","2008","2008","37","Thurles","Weeks","10"
"ROA09","Waiting at Driver Testing Centres","2008","2008","38","Tipperary","Weeks","7"
"ROA09","Waiting at Driver Testing Centres","2008","2008","39","Waterford","Weeks","12"
"ROA09","Waiting at Driver Testing Centres","2008","2008","40","Wexford","Weeks","10"
"ROA09","Waiting at Driver Testing Centres","2008","2008","41","Cork","Weeks","12"
"ROA09","Waiting at Driver Testing Centres","2008","2008","42","Killarney","Weeks","12"
"ROA09","Waiting at Driver Testing Centres","2008","2008","43","Kilrush","Weeks","8"
"ROA09","Waiting at Driver Testing Centres","2008","2008","44","Limerick","Weeks","10"
"ROA09","Waiting at Driver Testing Centres","2008","2008","45","Mallow","Weeks","8"
"ROA09","Waiting at Driver Testing Centres","2008","2008","46","Newcastlewest","Weeks","8"
"ROA09","Waiting at Driver Testing Centres","2008","2008","47","Shannon","Weeks","11"
"ROA09","Waiting at Driver Testing Centres","2008","2008","48","Skibbereen","Weeks","11"
"ROA09","Waiting at Driver Testing Centres","2008","2008","49","Tralee","Weeks","10"
"ROA09","Waiting at Driver Testing Centres","2008","2008","50","Churchtown","Weeks",""
"ROA09","Waiting at Driver Testing Centres","2009","2009","01","Dundalk","Weeks","13"
"ROA09","Waiting at Driver Testing Centres","2009","2009","02","Finglas","Weeks","9"
"ROA09","Waiting at Driver Testing Centres","2009","2009","03","Mullingar","Weeks","10"
"ROA09","Waiting at Driver Testing Centres","2009","2009","05","Navan","Weeks","10"
"ROA09","Waiting at Driver Testing Centres","2009","2009","06","Raheny","Weeks","10"
"ROA09","Waiting at Driver Testing Centres","2009","2009","07","Gorey","Weeks","9"
"ROA09","Waiting at Driver Testing Centres","2009","2009","08","Naas","Weeks","10"
"ROA09","Waiting at Driver Testing Centres","2009","2009","09","Rathgar","Weeks","12"
"ROA09","Waiting at Driver Testing Centres","2009","2009","10","Tallaght","Weeks","12"
"ROA09","Waiting at Driver Testing Centres","2009","2009","11","Tullamore","Weeks","10"
"ROA09","Waiting at Driver Testing Centres","2009","2009","12","Wicklow","Weeks","12"
"ROA09","Waiting at Driver Testing Centres","2009","2009","13","Athlone","Weeks","10"
"ROA09","Waiting at Driver Testing Centres","2009","2009","14","Birr","Weeks","9"
"ROA09","Waiting at Driver Testing Centres","2009","2009","15","Castlebar","Weeks","10"
"ROA09","Waiting at Driver Testing Centres","2009","2009","16","Clifden","Weeks","9"
"ROA09","Waiting at Driver Testing Centres","2009","2009","17","Ennis","Weeks","9"
"ROA09","Waiting at Driver Testing Centres","2009","2009","18","Galway","Weeks","9"
"ROA09","Waiting at Driver Testing Centres","2009","2009","19","Loughrea","Weeks","10"
"ROA09","Waiting at Driver Testing Centres","2009","2009","20","Roscommon","Weeks","11"
"ROA09","Waiting at Driver Testing Centres","2009","2009","21","Tuam","Weeks","9"
"ROA09","Waiting at Driver Testing Centres","2009","2009","22","Ballina","Weeks","10"
"ROA09","Waiting at Driver Testing Centres","2009","2009","23","Buncrana","Weeks","13"
"ROA09","Waiting at Driver Testing Centres","2009","2009","24","Carrick-on-Shannon","Weeks","11"
"ROA09","Waiting at Driver Testing Centres","2009","2009","25","Cavan","Weeks","9"
"ROA09","Waiting at Driver Testing Centres","2009","2009","26","Donegal","Weeks","8"
"ROA09","Waiting at Driver Testing Centres","2009","2009","27","Letterkenny","Weeks","11"
"ROA09","Waiting at Driver Testing Centres","2009","2009","28","Longford","Weeks","12"
"ROA09","Waiting at Driver Testing Centres","2009","2009","29","Monaghan","Weeks","10"
"ROA09","Waiting at Driver Testing Centres","2009","2009","30","Sligo","Weeks","12"
"ROA09","Waiting at Driver Testing Centres","2009","2009","31","Carlow","Weeks","10"
"ROA09","Waiting at Driver Testing Centres","2009","2009","32","Clonmel","Weeks","9"
"ROA09","Waiting at Driver Testing Centres","2009","2009","33","Dungarvan","Weeks","10"
"ROA09","Waiting at Driver Testing Centres","2009","2009","34","Kilkenny","Weeks","9"
"ROA09","Waiting at Driver Testing Centres","2009","2009","35","Nenagh","Weeks","10"
"ROA09","Waiting at Driver Testing Centres","2009","2009","36","Portlaoise","Weeks","9"
"ROA09","Waiting at Driver Testing Centres","2009","2009","37","Thurles","Weeks","10"
"ROA09","Waiting at Driver Testing Centres","2009","2009","38","Tipperary","Weeks","9"
"ROA09","Waiting at Driver Testing Centres","2009","2009","39","Waterford","Weeks","9"
"ROA09","Waiting at Driver Testing Centres","2009","2009","40","Wexford","Weeks","9"
"ROA09","Waiting at Driver Testing Centres","2009","2009","41","Cork","Weeks","12"
"ROA09","Waiting at Driver Testing Centres","2009","2009","42","Killarney","Weeks","10"
"ROA09","Waiting at Driver Testing Centres","2009","2009","43","Kilrush","Weeks","11"
"ROA09","Waiting at Driver Testing Centres","2009","2009","44","Limerick","Weeks","9"
"ROA09","Waiting at Driver Testing Centres","2009","2009","45","Mallow","Weeks","10"
"ROA09","Waiting at Driver Testing Centres","2009","2009","46","Newcastlewest","Weeks","7"
"ROA09","Waiting at Driver Testing Centres","2009","2009","47","Shannon","Weeks","8"
"ROA09","Waiting at Driver Testing Centres","2009","2009","48","Skibbereen","Weeks","9"
"ROA09","Waiting at Driver Testing Centres","2009","2009","49","Tralee","Weeks","8"
"ROA09","Waiting at Driver Testing Centres","2009","2009","50","Churchtown","Weeks",""
"ROA09","Waiting at Driver Testing Centres","2010","2010","01","Dundalk","Weeks","11"
"ROA09","Waiting at Driver Testing Centres","2010","2010","02","Finglas","Weeks","10"
"ROA09","Waiting at Driver Testing Centres","2010","2010","03","Mullingar","Weeks","10"
"ROA09","Waiting at Driver Testing Centres","2010","2010","05","Navan","Weeks","11"
"ROA09","Waiting at Driver Testing Centres","2010","2010","06","Raheny","Weeks","9"
"ROA09","Waiting at Driver Testing Centres","2010","2010","07","Gorey","Weeks","12"
"ROA09","Waiting at Driver Testing Centres","2010","2010","08","Naas","Weeks","12"
"ROA09","Waiting at Driver Testing Centres","2010","2010","09","Rathgar","Weeks","10"
"ROA09","Waiting at Driver Testing Centres","2010","2010","10","Tallaght","Weeks","11"
"ROA09","Waiting at Driver Testing Centres","2010","2010","11","Tullamore","Weeks","10"
"ROA09","Waiting at Driver Testing Centres","2010","2010","12","Wicklow","Weeks","10"
"ROA09","Waiting at Driver Testing Centres","2010","2010","13","Athlone","Weeks","11"
"ROA09","Waiting at Driver Testing Centres","2010","2010","14","Birr","Weeks","10"
"ROA09","Waiting at Driver Testing Centres","2010","2010","15","Castlebar","Weeks","11"
"ROA09","Waiting at Driver Testing Centres","2010","2010","16","Clifden","Weeks","9"
"ROA09","Waiting at Driver Testing Centres","2010","2010","17","Ennis","Weeks","10"
"ROA09","Waiting at Driver Testing Centres","2010","2010","18","Galway","Weeks","10"
"ROA09","Waiting at Driver Testing Centres","2010","2010","19","Loughrea","Weeks","10"
"ROA09","Waiting at Driver Testing Centres","2010","2010","20","Roscommon","Weeks","9"
"ROA09","Waiting at Driver Testing Centres","2010","2010","21","Tuam","Weeks","10"
"ROA09","Waiting at Driver Testing Centres","2010","2010","22","Ballina","Weeks","8"
"ROA09","Waiting at Driver Testing Centres","2010","2010","23","Buncrana","Weeks","9"
"ROA09","Waiting at Driver Testing Centres","2010","2010","24","Carrick-on-Shannon","Weeks","8"
"ROA09","Waiting at Driver Testing Centres","2010","2010","25","Cavan","Weeks","8"
"ROA09","Waiting at Driver Testing Centres","2010","2010","26","Donegal","Weeks","10"
"ROA09","Waiting at Driver Testing Centres","2010","2010","27","Letterkenny","Weeks","9"
"ROA09","Waiting at Driver Testing Centres","2010","2010","28","Longford","Weeks","8"
"ROA09","Waiting at Driver Testing Centres","2010","2010","29","Monaghan","Weeks","9"
"ROA09","Waiting at Driver Testing Centres","2010","2010","30","Sligo","Weeks","8"
"ROA09","Waiting at Driver Testing Centres","2010","2010","31","Carlow","Weeks","10"
"ROA09","Waiting at Driver Testing Centres","2010","2010","32","Clonmel","Weeks","10"
"ROA09","Waiting at Driver Testing Centres","2010","2010","33","Dungarvan","Weeks","9"
"ROA09","Waiting at Driver Testing Centres","2010","2010","34","Kilkenny","Weeks","9"
"ROA09","Waiting at Driver Testing Centres","2010","2010","35","Nenagh","Weeks","11"
"ROA09","Waiting at Driver Testing Centres","2010","2010","36","Portlaoise","Weeks","9"
"ROA09","Waiting at Driver Testing Centres","2010","2010","37","Thurles","Weeks","10"
"ROA09","Waiting at Driver Testing Centres","2010","2010","38","Tipperary","Weeks","9"
"ROA09","Waiting at Driver Testing Centres","2010","2010","39","Waterford","Weeks","10"
"ROA09","Waiting at Driver Testing Centres","2010","2010","40","Wexford","Weeks","9"
"ROA09","Waiting at Driver Testing Centres","2010","2010","41","Cork","Weeks","11"
"ROA09","Waiting at Driver Testing Centres","2010","2010","42","Killarney","Weeks","9"
"ROA09","Waiting at Driver Testing Centres","2010","2010","43","Kilrush","Weeks","11"
"ROA09","Waiting at Driver Testing Centres","2010","2010","44","Limerick","Weeks","9"
"ROA09","Waiting at Driver Testing Centres","2010","2010","45","Mallow","Weeks","9"
"ROA09","Waiting at Driver Testing Centres","2010","2010","46","Newcastlewest","Weeks","8"
"ROA09","Waiting at Driver Testing Centres","2010","2010","47","Shannon","Weeks","7"
"ROA09","Waiting at Driver Testing Centres","2010","2010","48","Skibbereen","Weeks","8"
"ROA09","Waiting at Driver Testing Centres","2010","2010","49","Tralee","Weeks","8"
"ROA09","Waiting at Driver Testing Centres","2010","2010","50","Churchtown","Weeks",""
"ROA09","Waiting at Driver Testing Centres","2011","2011","01","Dundalk","Weeks","9"
"ROA09","Waiting at Driver Testing Centres","2011","2011","02","Finglas","Weeks","8"
"ROA09","Waiting at Driver Testing Centres","2011","2011","03","Mullingar","Weeks","8"
"ROA09","Waiting at Driver Testing Centres","2011","2011","05","Navan","Weeks","10"
"ROA09","Waiting at Driver Testing Centres","2011","2011","06","Raheny","Weeks","8"
"ROA09","Waiting at Driver Testing Centres","2011","2011","07","Gorey","Weeks","10"
"ROA09","Waiting at Driver Testing Centres","2011","2011","08","Naas","Weeks","6"
"ROA09","Waiting at Driver Testing Centres","2011","2011","09","Rathgar","Weeks","8"
"ROA09","Waiting at Driver Testing Centres","2011","2011","10","Tallaght","Weeks","6"
"ROA09","Waiting at Driver Testing Centres","2011","2011","11","Tullamore","Weeks","10"
"ROA09","Waiting at Driver Testing Centres","2011","2011","12","Wicklow","Weeks","6"
"ROA09","Waiting at Driver Testing Centres","2011","2011","13","Athlone","Weeks","8"
"ROA09","Waiting at Driver Testing Centres","2011","2011","14","Birr","Weeks","9"
"ROA09","Waiting at Driver Testing Centres","2011","2011","15","Castlebar","Weeks","8"
"ROA09","Waiting at Driver Testing Centres","2011","2011","16","Clifden","Weeks","6"
"ROA09","Waiting at Driver Testing Centres","2011","2011","17","Ennis","Weeks","10"
"ROA09","Waiting at Driver Testing Centres","2011","2011","18","Galway","Weeks","8"
"ROA09","Waiting at Driver Testing Centres","2011","2011","19","Loughrea","Weeks","7"
"ROA09","Waiting at Driver Testing Centres","2011","2011","20","Roscommon","Weeks","7"
"ROA09","Waiting at Driver Testing Centres","2011","2011","21","Tuam","Weeks","9"
"ROA09","Waiting at Driver Testing Centres","2011","2011","22","Ballina","Weeks","7"
"ROA09","Waiting at Driver Testing Centres","2011","2011","23","Buncrana","Weeks","9"
"ROA09","Waiting at Driver Testing Centres","2011","2011","24","Carrick-on-Shannon","Weeks","8"
"ROA09","Waiting at Driver Testing Centres","2011","2011","25","Cavan","Weeks","8"
"ROA09","Waiting at Driver Testing Centres","2011","2011","26","Donegal","Weeks","10"
"ROA09","Waiting at Driver Testing Centres","2011","2011","27","Letterkenny","Weeks","8"
"ROA09","Waiting at Driver Testing Centres","2011","2011","28","Longford","Weeks","7"
"ROA09","Waiting at Driver Testing Centres","2011","2011","29","Monaghan","Weeks","9"
"ROA09","Waiting at Driver Testing Centres","2011","2011","30","Sligo","Weeks","7"
"ROA09","Waiting at Driver Testing Centres","2011","2011","31","Carlow","Weeks","8"
"ROA09","Waiting at Driver Testing Centres","2011","2011","32","Clonmel","Weeks","7"
"ROA09","Waiting at Driver Testing Centres","2011","2011","33","Dungarvan","Weeks","7"
"ROA09","Waiting at Driver Testing Centres","2011","2011","34","Kilkenny","Weeks","8"
"ROA09","Waiting at Driver Testing Centres","2011","2011","35","Nenagh","Weeks","10"
"ROA09","Waiting at Driver Testing Centres","2011","2011","36","Portlaoise","Weeks","9"
"ROA09","Waiting at Driver Testing Centres","2011","2011","37","Thurles","Weeks","6"
"ROA09","Waiting at Driver Testing Centres","2011","2011","38","Tipperary","Weeks","8"
"ROA09","Waiting at Driver Testing Centres","2011","2011","39","Waterford","Weeks","7"
"ROA09","Waiting at Driver Testing Centres","2011","2011","40","Wexford","Weeks","7"
"ROA09","Waiting at Driver Testing Centres","2011","2011","41","Cork","Weeks","8"
"ROA09","Waiting at Driver Testing Centres","2011","2011","42","Killarney","Weeks","6"
"ROA09","Waiting at Driver Testing Centres","2011","2011","43","Kilrush","Weeks","7"
"ROA09","Waiting at Driver Testing Centres","2011","2011","44","Limerick","Weeks","8"
"ROA09","Waiting at Driver Testing Centres","2011","2011","45","Mallow","Weeks","8"
"ROA09","Waiting at Driver Testing Centres","2011","2011","46","Newcastlewest","Weeks","7"
"ROA09","Waiting at Driver Testing Centres","2011","2011","47","Shannon","Weeks","7"
"ROA09","Waiting at Driver Testing Centres","2011","2011","48","Skibbereen","Weeks","6"
"ROA09","Waiting at Driver Testing Centres","2011","2011","49","Tralee","Weeks","8"
"ROA09","Waiting at Driver Testing Centres","2011","2011","50","Churchtown","Weeks",""
"ROA09","Waiting at Driver Testing Centres","2012","2012","01","Dundalk","Weeks","8"
"ROA09","Waiting at Driver Testing Centres","2012","2012","02","Finglas","Weeks","9"
"ROA09","Waiting at Driver Testing Centres","2012","2012","03","Mullingar","Weeks","8"
"ROA09","Waiting at Driver Testing Centres","2012","2012","05","Navan","Weeks","8"
"ROA09","Waiting at Driver Testing Centres","2012","2012","06","Raheny","Weeks","9"
"ROA09","Waiting at Driver Testing Centres","2012","2012","07","Gorey","Weeks","10"
"ROA09","Waiting at Driver Testing Centres","2012","2012","08","Naas","Weeks","10"
"ROA09","Waiting at Driver Testing Centres","2012","2012","09","Rathgar","Weeks","10"
"ROA09","Waiting at Driver Testing Centres","2012","2012","10","Tallaght","Weeks","10"
"ROA09","Waiting at Driver Testing Centres","2012","2012","11","Tullamore","Weeks","11"
"ROA09","Waiting at Driver Testing Centres","2012","2012","12","Wicklow","Weeks","9"
"ROA09","Waiting at Driver Testing Centres","2012","2012","13","Athlone","Weeks","9"
"ROA09","Waiting at Driver Testing Centres","2012","2012","14","Birr","Weeks","10"
"ROA09","Waiting at Driver Testing Centres","2012","2012","15","Castlebar","Weeks","9"
"ROA09","Waiting at Driver Testing Centres","2012","2012","16","Clifden","Weeks","8"
"ROA09","Waiting at Driver Testing Centres","2012","2012","17","Ennis","Weeks","9"
"ROA09","Waiting at Driver Testing Centres","2012","2012","18","Galway","Weeks","9"
"ROA09","Waiting at Driver Testing Centres","2012","2012","19","Loughrea","Weeks","11"
"ROA09","Waiting at Driver Testing Centres","2012","2012","20","Roscommon","Weeks","9"
"ROA09","Waiting at Driver Testing Centres","2012","2012","21","Tuam","Weeks","11"
"ROA09","Waiting at Driver Testing Centres","2012","2012","22","Ballina","Weeks","10"
"ROA09","Waiting at Driver Testing Centres","2012","2012","23","Buncrana","Weeks","10"
"ROA09","Waiting at Driver Testing Centres","2012","2012","24","Carrick-on-Shannon","Weeks","9"
"ROA09","Waiting at Driver Testing Centres","2012","2012","25","Cavan","Weeks","9"
"ROA09","Waiting at Driver Testing Centres","2012","2012","26","Donegal","Weeks","11"
"ROA09","Waiting at Driver Testing Centres","2012","2012","27","Letterkenny","Weeks","10"
"ROA09","Waiting at Driver Testing Centres","2012","2012","28","Longford","Weeks","9"
"ROA09","Waiting at Driver Testing Centres","2012","2012","29","Monaghan","Weeks","10"
"ROA09","Waiting at Driver Testing Centres","2012","2012","30","Sligo","Weeks","8"
"ROA09","Waiting at Driver Testing Centres","2012","2012","31","Carlow","Weeks","9"
"ROA09","Waiting at Driver Testing Centres","2012","2012","32","Clonmel","Weeks","8"
"ROA09","Waiting at Driver Testing Centres","2012","2012","33","Dungarvan","Weeks","8"
"ROA09","Waiting at Driver Testing Centres","2012","2012","34","Kilkenny","Weeks","9"
"ROA09","Waiting at Driver Testing Centres","2012","2012","35","Nenagh","Weeks","11"
"ROA09","Waiting at Driver Testing Centres","2012","2012","36","Portlaoise","Weeks","9"
"ROA09","Waiting at Driver Testing Centres","2012","2012","37","Thurles","Weeks","9"
"ROA09","Waiting at Driver Testing Centres","2012","2012","38","Tipperary","Weeks","9"
"ROA09","Waiting at Driver Testing Centres","2012","2012","39","Waterford","Weeks","9"
"ROA09","Waiting at Driver Testing Centres","2012","2012","40","Wexford","Weeks","9"
"ROA09","Waiting at Driver Testing Centres","2012","2012","41","Cork","Weeks","9"
"ROA09","Waiting at Driver Testing Centres","2012","2012","42","Killarney","Weeks","9"
"ROA09","Waiting at Driver Testing Centres","2012","2012","43","Kilrush","Weeks","9"
"ROA09","Waiting at Driver Testing Centres","2012","2012","44","Limerick","Weeks","9"
"ROA09","Waiting at Driver Testing Centres","2012","2012","45","Mallow","Weeks","8"
"ROA09","Waiting at Driver Testing Centres","2012","2012","46","Newcastlewest","Weeks","9"
"ROA09","Waiting at Driver Testing Centres","2012","2012","47","Shannon","Weeks","8"
"ROA09","Waiting at Driver Testing Centres","2012","2012","48","Skibbereen","Weeks","10"
"ROA09","Waiting at Driver Testing Centres","2012","2012","49","Tralee","Weeks","9"
"ROA09","Waiting at Driver Testing Centres","2012","2012","50","Churchtown","Weeks",""
"ROA09","Waiting at Driver Testing Centres","2013","2013","01","Dundalk","Weeks","7"
"ROA09","Waiting at Driver Testing Centres","2013","2013","02","Finglas","Weeks","7"
"ROA09","Waiting at Driver Testing Centres","2013","2013","03","Mullingar","Weeks","7"
"ROA09","Waiting at Driver Testing Centres","2013","2013","05","Navan","Weeks","7"
"ROA09","Waiting at Driver Testing Centres","2013","2013","06","Raheny","Weeks","7"
"ROA09","Waiting at Driver Testing Centres","2013","2013","07","Gorey","Weeks","9"
"ROA09","Waiting at Driver Testing Centres","2013","2013","08","Naas","Weeks","7"
"ROA09","Waiting at Driver Testing Centres","2013","2013","09","Rathgar","Weeks","7"
"ROA09","Waiting at Driver Testing Centres","2013","2013","10","Tallaght","Weeks","7"
"ROA09","Waiting at Driver Testing Centres","2013","2013","11","Tullamore","Weeks","7"
"ROA09","Waiting at Driver Testing Centres","2013","2013","12","Wicklow","Weeks","8"
"ROA09","Waiting at Driver Testing Centres","2013","2013","13","Athlone","Weeks","9"
"ROA09","Waiting at Driver Testing Centres","2013","2013","14","Birr","Weeks","9"
"ROA09","Waiting at Driver Testing Centres","2013","2013","15","Castlebar","Weeks","9"
"ROA09","Waiting at Driver Testing Centres","2013","2013","16","Clifden","Weeks","8"
"ROA09","Waiting at Driver Testing Centres","2013","2013","17","Ennis","Weeks","8"
"ROA09","Waiting at Driver Testing Centres","2013","2013","18","Galway","Weeks","8"
"ROA09","Waiting at Driver Testing Centres","2013","2013","19","Loughrea","Weeks","9"
"ROA09","Waiting at Driver Testing Centres","2013","2013","20","Roscommon","Weeks","8"
"ROA09","Waiting at Driver Testing Centres","2013","2013","21","Tuam","Weeks","10"
"ROA09","Waiting at Driver Testing Centres","2013","2013","22","Ballina","Weeks","8"
"ROA09","Waiting at Driver Testing Centres","2013","2013","23","Buncrana","Weeks","10"
"ROA09","Waiting at Driver Testing Centres","2013","2013","24","Carrick-on-Shannon","Weeks","8"
"ROA09","Waiting at Driver Testing Centres","2013","2013","25","Cavan","Weeks","7"
"ROA09","Waiting at Driver Testing Centres","2013","2013","26","Donegal","Weeks","11"
"ROA09","Waiting at Driver Testing Centres","2013","2013","27","Letterkenny","Weeks","7"
"ROA09","Waiting at Driver Testing Centres","2013","2013","28","Longford","Weeks","11"
"ROA09","Waiting at Driver Testing Centres","2013","2013","29","Monaghan","Weeks","9"
"ROA09","Waiting at Driver Testing Centres","2013","2013","30","Sligo","Weeks","9"
"ROA09","Waiting at Driver Testing Centres","2013","2013","31","Carlow","Weeks","9"
"ROA09","Waiting at Driver Testing Centres","2013","2013","32","Clonmel","Weeks","10"
"ROA09","Waiting at Driver Testing Centres","2013","2013","33","Dungarvan","Weeks","9"
"ROA09","Waiting at Driver Testing Centres","2013","2013","34","Kilkenny","Weeks","9"
"ROA09","Waiting at Driver Testing Centres","2013","2013","35","Nenagh","Weeks","11"
"ROA09","Waiting at Driver Testing Centres","2013","2013","36","Portlaoise","Weeks","10"
"ROA09","Waiting at Driver Testing Centres","2013","2013","37","Thurles","Weeks","11"
"ROA09","Waiting at Driver Testing Centres","2013","2013","38","Tipperary","Weeks","9"
"ROA09","Waiting at Driver Testing Centres","2013","2013","39","Waterford","Weeks","8"
"ROA09","Waiting at Driver Testing Centres","2013","2013","40","Wexford","Weeks","8"
"ROA09","Waiting at Driver Testing Centres","2013","2013","41","Cork","Weeks","8"
"ROA09","Waiting at Driver Testing Centres","2013","2013","42","Killarney","Weeks","7"
"ROA09","Waiting at Driver Testing Centres","2013","2013","43","Kilrush","Weeks","7"
"ROA09","Waiting at Driver Testing Centres","2013","2013","44","Limerick","Weeks","8"
"ROA09","Waiting at Driver Testing Centres","2013","2013","45","Mallow","Weeks","6"
"ROA09","Waiting at Driver Testing Centres","2013","2013","46","Newcastlewest","Weeks","9"
"ROA09","Waiting at Driver Testing Centres","2013","2013","47","Shannon","Weeks","7"
"ROA09","Waiting at Driver Testing Centres","2013","2013","48","Skibbereen","Weeks","9"
"ROA09","Waiting at Driver Testing Centres","2013","2013","49","Tralee","Weeks","7"
"ROA09","Waiting at Driver Testing Centres","2013","2013","50","Churchtown","Weeks",""
"ROA09","Waiting at Driver Testing Centres","2014","2014","01","Dundalk","Weeks","8"
"ROA09","Waiting at Driver Testing Centres","2014","2014","02","Finglas","Weeks","8"
"ROA09","Waiting at Driver Testing Centres","2014","2014","03","Mullingar","Weeks","9"
"ROA09","Waiting at Driver Testing Centres","2014","2014","05","Navan","Weeks","8"
"ROA09","Waiting at Driver Testing Centres","2014","2014","06","Raheny","Weeks","9"
"ROA09","Waiting at Driver Testing Centres","2014","2014","07","Gorey","Weeks","10"
"ROA09","Waiting at Driver Testing Centres","2014","2014","08","Naas","Weeks","8"
"ROA09","Waiting at Driver Testing Centres","2014","2014","09","Rathgar","Weeks","8"
"ROA09","Waiting at Driver Testing Centres","2014","2014","10","Tallaght","Weeks","8"
"ROA09","Waiting at Driver Testing Centres","2014","2014","11","Tullamore","Weeks","10"
"ROA09","Waiting at Driver Testing Centres","2014","2014","12","Wicklow","Weeks","8"
"ROA09","Waiting at Driver Testing Centres","2014","2014","13","Athlone","Weeks","11"
"ROA09","Waiting at Driver Testing Centres","2014","2014","14","Birr","Weeks","11"
"ROA09","Waiting at Driver Testing Centres","2014","2014","15","Castlebar","Weeks","10"
"ROA09","Waiting at Driver Testing Centres","2014","2014","16","Clifden","Weeks","11"
"ROA09","Waiting at Driver Testing Centres","2014","2014","17","Ennis","Weeks","9"
"ROA09","Waiting at Driver Testing Centres","2014","2014","18","Galway","Weeks","9"
"ROA09","Waiting at Driver Testing Centres","2014","2014","19","Loughrea","Weeks","9"
"ROA09","Waiting at Driver Testing Centres","2014","2014","20","Roscommon","Weeks","9"
"ROA09","Waiting at Driver Testing Centres","2014","2014","21","Tuam","Weeks","11"
"ROA09","Waiting at Driver Testing Centres","2014","2014","22","Ballina","Weeks","8"
"ROA09","Waiting at Driver Testing Centres","2014","2014","23","Buncrana","Weeks","9"
"ROA09","Waiting at Driver Testing Centres","2014","2014","24","Carrick-on-Shannon","Weeks","9"
"ROA09","Waiting at Driver Testing Centres","2014","2014","25","Cavan","Weeks","8"
"ROA09","Waiting at Driver Testing Centres","2014","2014","26","Donegal","Weeks","10"
"ROA09","Waiting at Driver Testing Centres","2014","2014","27","Letterkenny","Weeks","8"
"ROA09","Waiting at Driver Testing Centres","2014","2014","28","Longford","Weeks","9"
"ROA09","Waiting at Driver Testing Centres","2014","2014","29","Monaghan","Weeks","10"
"ROA09","Waiting at Driver Testing Centres","2014","2014","30","Sligo","Weeks","8"
"ROA09","Waiting at Driver Testing Centres","2014","2014","31","Carlow","Weeks","10"
"ROA09","Waiting at Driver Testing Centres","2014","2014","32","Clonmel","Weeks","10"
"ROA09","Waiting at Driver Testing Centres","2014","2014","33","Dungarvan","Weeks","10"
"ROA09","Waiting at Driver Testing Centres","2014","2014","34","Kilkenny","Weeks","11"
"ROA09","Waiting at Driver Testing Centres","2014","2014","35","Nenagh","Weeks","11"
"ROA09","Waiting at Driver Testing Centres","2014","2014","36","Portlaoise","Weeks","11"
"ROA09","Waiting at Driver Testing Centres","2014","2014","37","Thurles","Weeks","8"
"ROA09","Waiting at Driver Testing Centres","2014","2014","38","Tipperary","Weeks","11"
"ROA09","Waiting at Driver Testing Centres","2014","2014","39","Waterford","Weeks","10"
"ROA09","Waiting at Driver Testing Centres","2014","2014","40","Wexford","Weeks","11"
"ROA09","Waiting at Driver Testing Centres","2014","2014","41","Cork","Weeks","10"
"ROA09","Waiting at Driver Testing Centres","2014","2014","42","Killarney","Weeks","9"
"ROA09","Waiting at Driver Testing Centres","2014","2014","43","Kilrush","Weeks","11"
"ROA09","Waiting at Driver Testing Centres","2014","2014","44","Limerick","Weeks","8"
"ROA09","Waiting at Driver Testing Centres","2014","2014","45","Mallow","Weeks","8"
"ROA09","Waiting at Driver Testing Centres","2014","2014","46","Newcastlewest","Weeks","9"
"ROA09","Waiting at Driver Testing Centres","2014","2014","47","Shannon","Weeks","9"
"ROA09","Waiting at Driver Testing Centres","2014","2014","48","Skibbereen","Weeks","9"
"ROA09","Waiting at Driver Testing Centres","2014","2014","49","Tralee","Weeks","8"
"ROA09","Waiting at Driver Testing Centres","2014","2014","50","Churchtown","Weeks",""
"ROA09","Waiting at Driver Testing Centres","2015","2015","01","Dundalk","Weeks","9"
"ROA09","Waiting at Driver Testing Centres","2015","2015","02","Finglas","Weeks","8"
"ROA09","Waiting at Driver Testing Centres","2015","2015","03","Mullingar","Weeks","9"
"ROA09","Waiting at Driver Testing Centres","2015","2015","05","Navan","Weeks","9"
"ROA09","Waiting at Driver Testing Centres","2015","2015","06","Raheny","Weeks","8"
"ROA09","Waiting at Driver Testing Centres","2015","2015","07","Gorey","Weeks","11"
"ROA09","Waiting at Driver Testing Centres","2015","2015","08","Naas","Weeks","8"
"ROA09","Waiting at Driver Testing Centres","2015","2015","09","Rathgar","Weeks","9"
"ROA09","Waiting at Driver Testing Centres","2015","2015","10","Tallaght","Weeks","9"
"ROA09","Waiting at Driver Testing Centres","2015","2015","11","Tullamore","Weeks","10"
"ROA09","Waiting at Driver Testing Centres","2015","2015","12","Wicklow","Weeks","11"
"ROA09","Waiting at Driver Testing Centres","2015","2015","13","Athlone","Weeks","10"
"ROA09","Waiting at Driver Testing Centres","2015","2015","14","Birr","Weeks","11"
"ROA09","Waiting at Driver Testing Centres","2015","2015","15","Castlebar","Weeks","11"
"ROA09","Waiting at Driver Testing Centres","2015","2015","16","Clifden","Weeks","10"
"ROA09","Waiting at Driver Testing Centres","2015","2015","17","Ennis","Weeks","11"
"ROA09","Waiting at Driver Testing Centres","2015","2015","18","Galway","Weeks","8"
"ROA09","Waiting at Driver Testing Centres","2015","2015","19","Loughrea","Weeks","11"
"ROA09","Waiting at Driver Testing Centres","2015","2015","20","Roscommon","Weeks","11"
"ROA09","Waiting at Driver Testing Centres","2015","2015","21","Tuam","Weeks","11"
"ROA09","Waiting at Driver Testing Centres","2015","2015","22","Ballina","Weeks","10"
"ROA09","Waiting at Driver Testing Centres","2015","2015","23","Buncrana","Weeks","11"
"ROA09","Waiting at Driver Testing Centres","2015","2015","24","Carrick-on-Shannon","Weeks","11"
"ROA09","Waiting at Driver Testing Centres","2015","2015","25","Cavan","Weeks","11"
"ROA09","Waiting at Driver Testing Centres","2015","2015","26","Donegal","Weeks","11"
"ROA09","Waiting at Driver Testing Centres","2015","2015","27","Letterkenny","Weeks","9"
"ROA09","Waiting at Driver Testing Centres","2015","2015","28","Longford","Weeks","11"
"ROA09","Waiting at Driver Testing Centres","2015","2015","29","Monaghan","Weeks","11"
"ROA09","Waiting at Driver Testing Centres","2015","2015","30","Sligo","Weeks","11"
"ROA09","Waiting at Driver Testing Centres","2015","2015","31","Carlow","Weeks","11"
"ROA09","Waiting at Driver Testing Centres","2015","2015","32","Clonmel","Weeks","11"
"ROA09","Waiting at Driver Testing Centres","2015","2015","33","Dungarvan","Weeks","11"
"ROA09","Waiting at Driver Testing Centres","2015","2015","34","Kilkenny","Weeks","11"
"ROA09","Waiting at Driver Testing Centres","2015","2015","35","Nenagh","Weeks","11"
"ROA09","Waiting at Driver Testing Centres","2015","2015","36","Portlaoise","Weeks","11"
"ROA09","Waiting at Driver Testing Centres","2015","2015","37","Thurles","Weeks","11"
"ROA09","Waiting at Driver Testing Centres","2015","2015","38","Tipperary","Weeks","11"
"ROA09","Waiting at Driver Testing Centres","2015","2015","39","Waterford","Weeks","9"
"ROA09","Waiting at Driver Testing Centres","2015","2015","40","Wexford","Weeks","11"
"ROA09","Waiting at Driver Testing Centres","2015","2015","41","Cork","Weeks","11"
"ROA09","Waiting at Driver Testing Centres","2015","2015","42","Killarney","Weeks","10"
"ROA09","Waiting at Driver Testing Centres","2015","2015","43","Kilrush","Weeks","10"
"ROA09","Waiting at Driver Testing Centres","2015","2015","44","Limerick","Weeks","9"
"ROA09","Waiting at Driver Testing Centres","2015","2015","45","Mallow","Weeks","11"
"ROA09","Waiting at Driver Testing Centres","2015","2015","46","Newcastlewest","Weeks","11"
"ROA09","Waiting at Driver Testing Centres","2015","2015","47","Shannon","Weeks","9"
"ROA09","Waiting at Driver Testing Centres","2015","2015","48","Skibbereen","Weeks","8"
"ROA09","Waiting at Driver Testing Centres","2015","2015","49","Tralee","Weeks","10"
"ROA09","Waiting at Driver Testing Centres","2015","2015","50","Churchtown","Weeks",""
"ROA09","Waiting at Driver Testing Centres","2016","2016","01","Dundalk","Weeks","10"
"ROA09","Waiting at Driver Testing Centres","2016","2016","02","Finglas","Weeks","10"
"ROA09","Waiting at Driver Testing Centres","2016","2016","03","Mullingar","Weeks","11"
"ROA09","Waiting at Driver Testing Centres","2016","2016","05","Navan","Weeks","11"
"ROA09","Waiting at Driver Testing Centres","2016","2016","06","Raheny","Weeks","8"
"ROA09","Waiting at Driver Testing Centres","2016","2016","07","Gorey","Weeks","15"
"ROA09","Waiting at Driver Testing Centres","2016","2016","08","Naas","Weeks","13"
"ROA09","Waiting at Driver Testing Centres","2016","2016","09","Rathgar","Weeks",""
"ROA09","Waiting at Driver Testing Centres","2016","2016","10","Tallaght","Weeks","13"
"ROA09","Waiting at Driver Testing Centres","2016","2016","11","Tullamore","Weeks","12"
"ROA09","Waiting at Driver Testing Centres","2016","2016","12","Wicklow","Weeks","13"
"ROA09","Waiting at Driver Testing Centres","2016","2016","13","Athlone","Weeks","12"
"ROA09","Waiting at Driver Testing Centres","2016","2016","14","Birr","Weeks","14"
"ROA09","Waiting at Driver Testing Centres","2016","2016","15","Castlebar","Weeks","11"
"ROA09","Waiting at Driver Testing Centres","2016","2016","16","Clifden","Weeks","12"
"ROA09","Waiting at Driver Testing Centres","2016","2016","17","Ennis","Weeks","16"
"ROA09","Waiting at Driver Testing Centres","2016","2016","18","Galway","Weeks","15"
"ROA09","Waiting at Driver Testing Centres","2016","2016","19","Loughrea","Weeks","16"
"ROA09","Waiting at Driver Testing Centres","2016","2016","20","Roscommon","Weeks","13"
"ROA09","Waiting at Driver Testing Centres","2016","2016","21","Tuam","Weeks","12"
"ROA09","Waiting at Driver Testing Centres","2016","2016","22","Ballina","Weeks","13"
"ROA09","Waiting at Driver Testing Centres","2016","2016","23","Buncrana","Weeks","13"
"ROA09","Waiting at Driver Testing Centres","2016","2016","24","Carrick-on-Shannon","Weeks","15"
"ROA09","Waiting at Driver Testing Centres","2016","2016","25","Cavan","Weeks","12"
"ROA09","Waiting at Driver Testing Centres","2016","2016","26","Donegal","Weeks","12"
"ROA09","Waiting at Driver Testing Centres","2016","2016","27","Letterkenny","Weeks","14"
"ROA09","Waiting at Driver Testing Centres","2016","2016","28","Longford","Weeks","14"
"ROA09","Waiting at Driver Testing Centres","2016","2016","29","Monaghan","Weeks","12"
"ROA09","Waiting at Driver Testing Centres","2016","2016","30","Sligo","Weeks","16"
"ROA09","Waiting at Driver Testing Centres","2016","2016","31","Carlow","Weeks","15"
"ROA09","Waiting at Driver Testing Centres","2016","2016","32","Clonmel","Weeks","15"
"ROA09","Waiting at Driver Testing Centres","2016","2016","33","Dungarvan","Weeks","13"
"ROA09","Waiting at Driver Testing Centres","2016","2016","34","Kilkenny","Weeks","15"
"ROA09","Waiting at Driver Testing Centres","2016","2016","35","Nenagh","Weeks","17"
"ROA09","Waiting at Driver Testing Centres","2016","2016","36","Portlaoise","Weeks","13"
"ROA09","Waiting at Driver Testing Centres","2016","2016","37","Thurles","Weeks","13"
"ROA09","Waiting at Driver Testing Centres","2016","2016","38","Tipperary","Weeks","10"
"ROA09","Waiting at Driver Testing Centres","2016","2016","39","Waterford","Weeks","13"
"ROA09","Waiting at Driver Testing Centres","2016","2016","40","Wexford","Weeks","11"
"ROA09","Waiting at Driver Testing Centres","2016","2016","41","Cork","Weeks","13"
"ROA09","Waiting at Driver Testing Centres","2016","2016","42","Killarney","Weeks","9"
"ROA09","Waiting at Driver Testing Centres","2016","2016","43","Kilrush","Weeks","13"
"ROA09","Waiting at Driver Testing Centres","2016","2016","44","Limerick","Weeks","13"
"ROA09","Waiting at Driver Testing Centres","2016","2016","45","Mallow","Weeks","14"
"ROA09","Waiting at Driver Testing Centres","2016","2016","46","Newcastlewest","Weeks","15"
"ROA09","Waiting at Driver Testing Centres","2016","2016","47","Shannon","Weeks","11"
"ROA09","Waiting at Driver Testing Centres","2016","2016","48","Skibbereen","Weeks","13"
"ROA09","Waiting at Driver Testing Centres","2016","2016","49","Tralee","Weeks","13"
"ROA09","Waiting at Driver Testing Centres","2016","2016","50","Churchtown","Weeks","10"
"ROA09","Waiting at Driver Testing Centres","2017","2017","01","Dundalk","Weeks","15"
"ROA09","Waiting at Driver Testing Centres","2017","2017","02","Finglas","Weeks","12"
"ROA09","Waiting at Driver Testing Centres","2017","2017","03","Mullingar","Weeks","14"
"ROA09","Waiting at Driver Testing Centres","2017","2017","05","Navan","Weeks","16"
"ROA09","Waiting at Driver Testing Centres","2017","2017","06","Raheny","Weeks","12"
"ROA09","Waiting at Driver Testing Centres","2017","2017","07","Gorey","Weeks","13"
"ROA09","Waiting at Driver Testing Centres","2017","2017","08","Naas","Weeks","12"
"ROA09","Waiting at Driver Testing Centres","2017","2017","09","Rathgar","Weeks",""
"ROA09","Waiting at Driver Testing Centres","2017","2017","10","Tallaght","Weeks","10"
"ROA09","Waiting at Driver Testing Centres","2017","2017","11","Tullamore","Weeks","14"
"ROA09","Waiting at Driver Testing Centres","2017","2017","12","Wicklow","Weeks","13"
"ROA09","Waiting at Driver Testing Centres","2017","2017","13","Athlone","Weeks","13"
"ROA09","Waiting at Driver Testing Centres","2017","2017","14","Birr","Weeks","19"
"ROA09","Waiting at Driver Testing Centres","2017","2017","15","Castlebar","Weeks","13"
"ROA09","Waiting at Driver Testing Centres","2017","2017","16","Clifden","Weeks","18"
"ROA09","Waiting at Driver Testing Centres","2017","2017","17","Ennis","Weeks","13"
"ROA09","Waiting at Driver Testing Centres","2017","2017","18","Galway","Weeks","12"
"ROA09","Waiting at Driver Testing Centres","2017","2017","19","Loughrea","Weeks","17"
"ROA09","Waiting at Driver Testing Centres","2017","2017","20","Roscommon","Weeks","17"
"ROA09","Waiting at Driver Testing Centres","2017","2017","21","Tuam","Weeks","11"
"ROA09","Waiting at Driver Testing Centres","2017","2017","22","Ballina","Weeks","9"
"ROA09","Waiting at Driver Testing Centres","2017","2017","23","Buncrana","Weeks","19"
"ROA09","Waiting at Driver Testing Centres","2017","2017","24","Carrick-on-Shannon","Weeks","13"
"ROA09","Waiting at Driver Testing Centres","2017","2017","25","Cavan","Weeks","17"
"ROA09","Waiting at Driver Testing Centres","2017","2017","26","Donegal","Weeks","19"
"ROA09","Waiting at Driver Testing Centres","2017","2017","27","Letterkenny","Weeks","18"
"ROA09","Waiting at Driver Testing Centres","2017","2017","28","Longford","Weeks","14"
"ROA09","Waiting at Driver Testing Centres","2017","2017","29","Monaghan","Weeks","16"
"ROA09","Waiting at Driver Testing Centres","2017","2017","30","Sligo","Weeks","12"
"ROA09","Waiting at Driver Testing Centres","2017","2017","31","Carlow","Weeks","16"
"ROA09","Waiting at Driver Testing Centres","2017","2017","32","Clonmel","Weeks","14"
"ROA09","Waiting at Driver Testing Centres","2017","2017","33","Dungarvan","Weeks","18"
"ROA09","Waiting at Driver Testing Centres","2017","2017","34","Kilkenny","Weeks","14"
"ROA09","Waiting at Driver Testing Centres","2017","2017","35","Nenagh","Weeks","18"
"ROA09","Waiting at Driver Testing Centres","2017","2017","36","Portlaoise","Weeks","16"
"ROA09","Waiting at Driver Testing Centres","2017","2017","37","Thurles","Weeks","20"
"ROA09","Waiting at Driver Testing Centres","2017","2017","38","Tipperary","Weeks","23"
"ROA09","Waiting at Driver Testing Centres","2017","2017","39","Waterford","Weeks","18"
"ROA09","Waiting at Driver Testing Centres","2017","2017","40","Wexford","Weeks","19"
"ROA09","Waiting at Driver Testing Centres","2017","2017","41","Cork","Weeks","15"
"ROA09","Waiting at Driver Testing Centres","2017","2017","42","Killarney","Weeks","12"
"ROA09","Waiting at Driver Testing Centres","2017","2017","43","Kilrush","Weeks","10"
"ROA09","Waiting at Driver Testing Centres","2017","2017","44","Limerick","Weeks","13"
"ROA09","Waiting at Driver Testing Centres","2017","2017","45","Mallow","Weeks","13"
"ROA09","Waiting at Driver Testing Centres","2017","2017","46","Newcastlewest","Weeks","15"
"ROA09","Waiting at Driver Testing Centres","2017","2017","47","Shannon","Weeks","14"
"ROA09","Waiting at Driver Testing Centres","2017","2017","48","Skibbereen","Weeks","16"
"ROA09","Waiting at Driver Testing Centres","2017","2017","49","Tralee","Weeks","14"
"ROA09","Waiting at Driver Testing Centres","2017","2017","50","Churchtown","Weeks","11"
"ROA09","Waiting at Driver Testing Centres","2018","2018","01","Dundalk","Weeks","9"
"ROA09","Waiting at Driver Testing Centres","2018","2018","02","Finglas","Weeks","8"
"ROA09","Waiting at Driver Testing Centres","2018","2018","03","Mullingar","Weeks","9"
"ROA09","Waiting at Driver Testing Centres","2018","2018","05","Navan","Weeks","9"
"ROA09","Waiting at Driver Testing Centres","2018","2018","06","Raheny","Weeks","9"
"ROA09","Waiting at Driver Testing Centres","2018","2018","07","Gorey","Weeks","18"
"ROA09","Waiting at Driver Testing Centres","2018","2018","08","Naas","Weeks","8"
"ROA09","Waiting at Driver Testing Centres","2018","2018","09","Rathgar","Weeks",""
"ROA09","Waiting at Driver Testing Centres","2018","2018","10","Tallaght","Weeks","9"
"ROA09","Waiting at Driver Testing Centres","2018","2018","11","Tullamore","Weeks","10"
"ROA09","Waiting at Driver Testing Centres","2018","2018","12","Wicklow","Weeks","15"
"ROA09","Waiting at Driver Testing Centres","2018","2018","13","Athlone","Weeks","10"
"ROA09","Waiting at Driver Testing Centres","2018","2018","14","Birr","Weeks","11"
"ROA09","Waiting at Driver Testing Centres","2018","2018","15","Castlebar","Weeks","8"
"ROA09","Waiting at Driver Testing Centres","2018","2018","16","Clifden","Weeks","12"
"ROA09","Waiting at Driver Testing Centres","2018","2018","17","Ennis","Weeks","18"
"ROA09","Waiting at Driver Testing Centres","2018","2018","18","Galway","Weeks","12"
"ROA09","Waiting at Driver Testing Centres","2018","2018","19","Loughrea","Weeks","16"
"ROA09","Waiting at Driver Testing Centres","2018","2018","20","Roscommon","Weeks","13"
"ROA09","Waiting at Driver Testing Centres","2018","2018","21","Tuam","Weeks","10"
"ROA09","Waiting at Driver Testing Centres","2018","2018","22","Ballina","Weeks","11"
"ROA09","Waiting at Driver Testing Centres","2018","2018","23","Buncrana","Weeks","10"
"ROA09","Waiting at Driver Testing Centres","2018","2018","24","Carrick-on-Shannon","Weeks","8"
"ROA09","Waiting at Driver Testing Centres","2018","2018","25","Cavan","Weeks","9"
"ROA09","Waiting at Driver Testing Centres","2018","2018","26","Donegal","Weeks","10"
"ROA09","Waiting at Driver Testing Centres","2018","2018","27","Letterkenny","Weeks","9"
"ROA09","Waiting at Driver Testing Centres","2018","2018","28","Longford","Weeks","11"
"ROA09","Waiting at Driver Testing Centres","2018","2018","29","Monaghan","Weeks","9"
"ROA09","Waiting at Driver Testing Centres","2018","2018","30","Sligo","Weeks","6"
"ROA09","Waiting at Driver Testing Centres","2018","2018","31","Carlow","Weeks","8"
"ROA09","Waiting at Driver Testing Centres","2018","2018","32","Clonmel","Weeks","15"
"ROA09","Waiting at Driver Testing Centres","2018","2018","33","Dungarvan","Weeks","13"
"ROA09","Waiting at Driver Testing Centres","2018","2018","34","Kilkenny","Weeks","14"
"ROA09","Waiting at Driver Testing Centres","2018","2018","35","Nenagh","Weeks","13"
"ROA09","Waiting at Driver Testing Centres","2018","2018","36","Portlaoise","Weeks","9"
"ROA09","Waiting at Driver Testing Centres","2018","2018","37","Thurles","Weeks","20"
"ROA09","Waiting at Driver Testing Centres","2018","2018","38","Tipperary","Weeks","18"
"ROA09","Waiting at Driver Testing Centres","2018","2018","39","Waterford","Weeks","7"
"ROA09","Waiting at Driver Testing Centres","2018","2018","40","Wexford","Weeks","10"
"ROA09","Waiting at Driver Testing Centres","2018","2018","41","Cork","Weeks","17"
"ROA09","Waiting at Driver Testing Centres","2018","2018","42","Killarney","Weeks","12"
"ROA09","Waiting at Driver Testing Centres","2018","2018","43","Kilrush","Weeks","20"
"ROA09","Waiting at Driver Testing Centres","2018","2018","44","Limerick","Weeks","13"
"ROA09","Waiting at Driver Testing Centres","2018","2018","45","Mallow","Weeks","18"
"ROA09","Waiting at Driver Testing Centres","2018","2018","46","Newcastlewest","Weeks","16"
"ROA09","Waiting at Driver Testing Centres","2018","2018","47","Shannon","Weeks","18"
"ROA09","Waiting at Driver Testing Centres","2018","2018","48","Skibbereen","Weeks","17"
"ROA09","Waiting at Driver Testing Centres","2018","2018","49","Tralee","Weeks","15"
"ROA09","Waiting at Driver Testing Centres","2018","2018","50","Churchtown","Weeks",""
"ROA09","Waiting at Driver Testing Centres","2019","2019","01","Dundalk","Weeks","5"
"ROA09","Waiting at Driver Testing Centres","2019","2019","02","Finglas","Weeks","5"
"ROA09","Waiting at Driver Testing Centres","2019","2019","03","Mullingar","Weeks","5"
"ROA09","Waiting at Driver Testing Centres","2019","2019","05","Navan","Weeks","5"
"ROA09","Waiting at Driver Testing Centres","2019","2019","06","Raheny","Weeks","5"
"ROA09","Waiting at Driver Testing Centres","2019","2019","07","Gorey","Weeks","7"
"ROA09","Waiting at Driver Testing Centres","2019","2019","08","Naas","Weeks","7"
"ROA09","Waiting at Driver Testing Centres","2019","2019","09","Rathgar","Weeks",""
"ROA09","Waiting at Driver Testing Centres","2019","2019","10","Tallaght","Weeks","5"
"ROA09","Waiting at Driver Testing Centres","2019","2019","11","Tullamore","Weeks","6"
"ROA09","Waiting at Driver Testing Centres","2019","2019","12","Wicklow","Weeks","6"
"ROA09","Waiting at Driver Testing Centres","2019","2019","13","Athlone","Weeks","6"
"ROA09","Waiting at Driver Testing Centres","2019","2019","14","Birr","Weeks","5"
"ROA09","Waiting at Driver Testing Centres","2019","2019","15","Castlebar","Weeks","5"
"ROA09","Waiting at Driver Testing Centres","2019","2019","16","Clifden","Weeks","6"
"ROA09","Waiting at Driver Testing Centres","2019","2019","17","Ennis","Weeks","5"
"ROA09","Waiting at Driver Testing Centres","2019","2019","18","Galway","Weeks","5"
"ROA09","Waiting at Driver Testing Centres","2019","2019","19","Loughrea","Weeks","5"
"ROA09","Waiting at Driver Testing Centres","2019","2019","20","Roscommon","Weeks","5"
"ROA09","Waiting at Driver Testing Centres","2019","2019","21","Tuam","Weeks","6"
"ROA09","Waiting at Driver Testing Centres","2019","2019","22","Ballina","Weeks","7"
"ROA09","Waiting at Driver Testing Centres","2019","2019","23","Buncrana","Weeks","6"
"ROA09","Waiting at Driver Testing Centres","2019","2019","24","Carrick-on-Shannon","Weeks","5"
"ROA09","Waiting at Driver Testing Centres","2019","2019","25","Cavan","Weeks","6"
"ROA09","Waiting at Driver Testing Centres","2019","2019","26","Donegal","Weeks","5"
"ROA09","Waiting at Driver Testing Centres","2019","2019","27","Letterkenny","Weeks","5"
"ROA09","Waiting at Driver Testing Centres","2019","2019","28","Longford","Weeks","5"
"ROA09","Waiting at Driver Testing Centres","2019","2019","29","Monaghan","Weeks","5"
"ROA09","Waiting at Driver Testing Centres","2019","2019","30","Sligo","Weeks","5"
"ROA09","Waiting at Driver Testing Centres","2019","2019","31","Carlow","Weeks","9"
"ROA09","Waiting at Driver Testing Centres","2019","2019","32","Clonmel","Weeks","6"
"ROA09","Waiting at Driver Testing Centres","2019","2019","33","Dungarvan","Weeks","5"
"ROA09","Waiting at Driver Testing Centres","2019","2019","34","Kilkenny","Weeks","6"
"ROA09","Waiting at Driver Testing Centres","2019","2019","35","Nenagh","Weeks","7"
"ROA09","Waiting at Driver Testing Centres","2019","2019","36","Portlaoise","Weeks","5"
"ROA09","Waiting at Driver Testing Centres","2019","2019","37","Thurles","Weeks","5"
"ROA09","Waiting at Driver Testing Centres","2019","2019","38","Tipperary","Weeks","5"
"ROA09","Waiting at Driver Testing Centres","2019","2019","39","Waterford","Weeks","5"
"ROA09","Waiting at Driver Testing Centres","2019","2019","40","Wexford","Weeks","5"
"ROA09","Waiting at Driver Testing Centres","2019","2019","41","Cork","Weeks","5"
"ROA09","Waiting at Driver Testing Centres","2019","2019","42","Killarney","Weeks","6"
"ROA09","Waiting at Driver Testing Centres","2019","2019","43","Kilrush","Weeks","10"
"ROA09","Waiting at Driver Testing Centres","2019","2019","44","Limerick","Weeks","6"
"ROA09","Waiting at Driver Testing Centres","2019","2019","45","Mallow","Weeks","5"
"ROA09","Waiting at Driver Testing Centres","2019","2019","46","Newcastlewest","Weeks","5"
"ROA09","Waiting at Driver Testing Centres","2019","2019","47","Shannon","Weeks","5"
"ROA09","Waiting at Driver Testing Centres","2019","2019","48","Skibbereen","Weeks","6"
"ROA09","Waiting at Driver Testing Centres","2019","2019","49","Tralee","Weeks","5"
"ROA09","Waiting at Driver Testing Centres","2019","2019","50","Churchtown","Weeks",""
"ROA09","Waiting at Driver Testing Centres","2020","2020","01","Dundalk","Weeks",""
"ROA09","Waiting at Driver Testing Centres","2020","2020","02","Finglas","Weeks",""
"ROA09","Waiting at Driver Testing Centres","2020","2020","03","Mullingar","Weeks",""
"ROA09","Waiting at Driver Testing Centres","2020","2020","05","Navan","Weeks",""
"ROA09","Waiting at Driver Testing Centres","2020","2020","06","Raheny","Weeks",""
"ROA09","Waiting at Driver Testing Centres","2020","2020","07","Gorey","Weeks",""
"ROA09","Waiting at Driver Testing Centres","2020","2020","08","Naas","Weeks",""
"ROA09","Waiting at Driver Testing Centres","2020","2020","09","Rathgar","Weeks",""
"ROA09","Waiting at Driver Testing Centres","2020","2020","10","Tallaght","Weeks",""
"ROA09","Waiting at Driver Testing Centres","2020","2020","11","Tullamore","Weeks",""
"ROA09","Waiting at Driver Testing Centres","2020","2020","12","Wicklow","Weeks",""
"ROA09","Waiting at Driver Testing Centres","2020","2020","13","Athlone","Weeks",""
"ROA09","Waiting at Driver Testing Centres","2020","2020","14","Birr","Weeks",""
"ROA09","Waiting at Driver Testing Centres","2020","2020","15","Castlebar","Weeks",""
"ROA09","Waiting at Driver Testing Centres","2020","2020","16","Clifden","Weeks",""
"ROA09","Waiting at Driver Testing Centres","2020","2020","17","Ennis","Weeks",""
"ROA09","Waiting at Driver Testing Centres","2020","2020","18","Galway","Weeks",""
"ROA09","Waiting at Driver Testing Centres","2020","2020","19","Loughrea","Weeks",""
"ROA09","Waiting at Driver Testing Centres","2020","2020","20","Roscommon","Weeks",""
"ROA09","Waiting at Driver Testing Centres","2020","2020","21","Tuam","Weeks",""
"ROA09","Waiting at Driver Testing Centres","2020","2020","22","Ballina","Weeks",""
"ROA09","Waiting at Driver Testing Centres","2020","2020","23","Buncrana","Weeks",""
"ROA09","Waiting at Driver Testing Centres","2020","2020","24","Carrick-on-Shannon","Weeks",""
"ROA09","Waiting at Driver Testing Centres","2020","2020","25","Cavan","Weeks",""
"ROA09","Waiting at Driver Testing Centres","2020","2020","26","Donegal","Weeks",""
"ROA09","Waiting at Driver Testing Centres","2020","2020","27","Letterkenny","Weeks",""
"ROA09","Waiting at Driver Testing Centres","2020","2020","28","Longford","Weeks",""
"ROA09","Waiting at Driver Testing Centres","2020","2020","29","Monaghan","Weeks",""
"ROA09","Waiting at Driver Testing Centres","2020","2020","30","Sligo","Weeks",""
"ROA09","Waiting at Driver Testing Centres","2020","2020","31","Carlow","Weeks",""
"ROA09","Waiting at Driver Testing Centres","2020","2020","32","Clonmel","Weeks",""
"ROA09","Waiting at Driver Testing Centres","2020","2020","33","Dungarvan","Weeks",""
"ROA09","Waiting at Driver Testing Centres","2020","2020","34","Kilkenny","Weeks",""
"ROA09","Waiting at Driver Testing Centres","2020","2020","35","Nenagh","Weeks",""
"ROA09","Waiting at Driver Testing Centres","2020","2020","36","Portlaoise","Weeks",""
"ROA09","Waiting at Driver Testing Centres","2020","2020","37","Thurles","Weeks",""
"ROA09","Waiting at Driver Testing Centres","2020","2020","38","Tipperary","Weeks",""
"ROA09","Waiting at Driver Testing Centres","2020","2020","39","Waterford","Weeks",""
"ROA09","Waiting at Driver Testing Centres","2020","2020","40","Wexford","Weeks",""
"ROA09","Waiting at Driver Testing Centres","2020","2020","41","Cork","Weeks",""
"ROA09","Waiting at Driver Testing Centres","2020","2020","42","Killarney","Weeks",""
"ROA09","Waiting at Driver Testing Centres","2020","2020","43","Kilrush","Weeks",""
"ROA09","Waiting at Driver Testing Centres","2020","2020","44","Limerick","Weeks",""
"ROA09","Waiting at Driver Testing Centres","2020","2020","45","Mallow","Weeks",""
"ROA09","Waiting at Driver Testing Centres","2020","2020","46","Newcastlewest","Weeks",""
"ROA09","Waiting at Driver Testing Centres","2020","2020","47","Shannon","Weeks",""
"ROA09","Waiting at Driver Testing Centres","2020","2020","48","Skibbereen","Weeks",""
"ROA09","Waiting at Driver Testing Centres","2020","2020","49","Tralee","Weeks",""
"ROA09","Waiting at Driver Testing Centres","2020","2020","50","Churchtown","Weeks",""
